{
  "viewTwoLock": false,
  "isRotisserieEnabled": true,
  "viewThreeYawDelta": 0.09593023359775543,
  "viewOneLock": false,
  "viewOnePitch": 42.43023681640625,
  "isOccluded": true,
  "boxOnePitch": 42.43023681640625,
  "boxOneSize": 81.97674560546875,
  "boxTwoSize": 100,
  "boxTwoYaw": 205.11627197265625,
  "viewThreePitch": 0,
  "viewTwoYaw": 205.11627197265625,
  "boxOneYaw": 339.06976318359375,
  "viewOneYaw": 339.06976318359375,
  "viewTwoPitch": 27.941864013671875,
  "displayOrigin": false,
  "boxTwoPitch": 27.941864013671875,
  "viewThreeYaw": 0
}