{
  "viewTwoLock": false,
  "isRotisserieEnabled": true,
  "viewThreeYawDelta": 0.13081395626068115,
  "viewOneLock": false,
  "viewOnePitch": 7.2441864013671875,
  "isOccluded": true,
  "boxOnePitch": -21.732559204101562,
  "boxOneSize": 95.05814361572266,
  "boxTwoSize": 100,
  "boxTwoYaw": 98.37210083007812,
  "viewThreePitch": 0,
  "viewTwoYaw": 8.372093200683594,
  "boxOneYaw": 131.86045837402344,
  "viewOneYaw": 226.0465087890625,
  "viewTwoPitch": 7.2441864013671875,
  "displayOrigin": false,
  "boxTwoPitch": 0,
  "viewThreeYaw": 0
}